Time (%),Total Time (ns),Instances,Avg (ns),Med (ns),Min (ns),Max (ns),StdDev (ns),Name
36.7,1418803936,768,1847401.0,1860740.0,1731683,1885636,32493.6,kernel_cutlass_kernel_b12xmoe_sharedkernelsw4a16kernelW4A16GemmKernel_object_at__tensorptrf16gmemalign16o1_tensorptrf16gmemalign16o1_tensorptri32gmemalign16o139264001_tensorptrf16gmemalig_0
19.1,738677298,384,1923638.8,1939700.5,1807331,1958596,34850.3,kernel_cutlass_kernel_b12xmoe_sharedkernelsw4a16kernelW4A16GemmKernel_object_at__tensorptrf16gmemalign16o1_tensorptrf16gmemalign16o1_tensorptri32gmemalign16o167116801_tensorptrf16gmemalig_0
12.0,465102028,672,692116.1,687105.5,643457,717026,17299.5,kernel_cutlass_kernel_b12xmoe_sharedkernelsw4a16kernelW4A16GemmKernel_object_at__tensorptrf16gmemalign16o1_tensorptrf16gmemalign16o1_tensorptri32gmemalign16o58982401_tensorptrf16gmemalign_0
8.4,325600536,288,1130557.4,1138034.0,1071618,1147682,17165.6,kernel_cutlass_kernel_b12xmoe_sharedkernelsw4a16kernelW4A16GemmKernel_object_at__tensorptrf16gmemalign16o1_tensorptrf16gmemalign16o1_tensorptri32gmemalign16o98304001_tensorptrf16gmemalign_0
3.5,135638169,96,1412897.6,1420403.0,1340675,1435523,19992.2,kernel_cutlass_kernel_b12xmoe_sharedkernelsw4a16kernelW4A16GemmKernel_object_at__tensorptrf16gmemalign16o1_tensorptrf16gmemalign16o1_tensorptri32gmemalign16o117964801_tensorptrf16gmemalig_0
3.1,118082462,4416,26739.7,15776.0,12288,61376,17948.0,kernel_cutlass_kernel_b12xmoe_sharedkernelsw4a16kernelW4A16DenseHadamard128Kernel_object_at__tensorptrf16gmemalign16o1_tensorptrf16gmemalign16o1_tensorptrf16gmemalign16o1__0
2.5,98075617,1554,63111.7,15616.0,1888,160929,58816.9,"void at::native::unrolled_elementwise_kernel<at::native::direct_copy_kernel_cuda(at::TensorIteratorBase &)::[lambda() (instance 3)]::operator ()() const::[lambda() (instance 12)]::operator ()() const::[lambda(c10::BFloat16) (instance 1)], std::array<char *, (unsigned long)2>, (int)4, TrivialOffsetCalculator<(int)1, unsigned int>, TrivialOffsetCalculator<(int)1, unsigned int>, at::native::memory::LoadWithCast<(int)1>, at::native::memory::StoreWithCast<(int)1>>(int, T1, T2, T4, T5, T6, T7)"
2.1,82150133,768,106966.3,110208.5,43489,166177,55933.5,"void at::native::<unnamed>::CatArrayBatchedCopy_vectorized<at::native::<unnamed>::OpaqueType<(unsigned int)2>, unsigned int, (int)2, (int)128, (int)1, (int)16, (int)8>(char *, at::native::<unnamed>::CatArrInputTensorMetadata<T1, T2, T4, T5>, at::native::<unnamed>::TensorSizeStride<T2, (unsigned int)4>, int, T2)"
1.4,54014763,96,562653.8,566161.0,534689,572225,9500.8,kernel_unified_attention
1.3,51681106,1542,33515.6,15648.0,2080,88384,30563.3,"void at::native::unrolled_elementwise_kernel<at::native::direct_copy_kernel_cuda(at::TensorIteratorBase &)::[lambda() (instance 3)]::operator ()() const::[lambda() (instance 10)]::operator ()() const::[lambda(c10::Half) (instance 1)], std::array<char *, (unsigned long)2>, (int)4, TrivialOffsetCalculator<(int)1, unsigned int>, TrivialOffsetCalculator<(int)1, unsigned int>, at::native::memory::LoadWithCast<(int)1>, at::native::memory::StoreWithCast<(int)1>>(int, T1, T2, T4, T5, T6, T7)"
1.2,45935596,3378,13598.5,8832.0,1632,34112,11538.7,"void at::native::unrolled_elementwise_kernel<at::native::direct_copy_kernel_cuda(at::TensorIteratorBase &)::[lambda() (instance 3)]::operator ()() const::[lambda() (instance 7)]::operator ()() const::[lambda(float) (instance 1)], std::array<char *, (unsigned long)2>, (int)4, TrivialOffsetCalculator<(int)1, unsigned int>, TrivialOffsetCalculator<(int)1, unsigned int>, at::native::memory::LoadWithCast<(int)1>, at::native::memory::StoreWithCast<(int)1>>(int, T1, T2, T4, T5, T6, T7)"
1.1,41895144,2700,15516.7,19872.0,2752,26752,7386.7,"void at::native::elementwise_kernel<(int)128, (int)2, void at::native::gpu_kernel_impl_nocast<at::native::BinaryFunctor<float, float, float, at::native::binary_internal::MulFunctor<float>>>(at::TensorIteratorBase &, const T1 &)::[lambda(int) (instance 1)]>(int, T3)"
1.0,40134517,384,104517.0,104208.0,98784,111264,2364.4,"void vllm::act_and_mul_kernel<c10::BFloat16, __nv_bfloat162, &vllm::silu_kernel<c10::BFloat16>, &vllm::packed_silu_kernel<__nv_bfloat162>, (bool)1, (bool)1, (bool)0, (bool)1>(T1 *, const T1 *, int, float, float, float)"
0.8,32719876,768,42604.0,42464.0,37824,48609,1979.9,"void at::native::vectorized_elementwise_kernel<(int)4, at::native::CUDAFunctor_add<float>, std::array<char *, (unsigned long)3>>(int, T2, T3)"
0.7,26311411,288,91359.1,91840.0,87425,92800,1215.8,chunk_fwd_kernel_o
0.6,22416140,288,77833.8,78096.0,71872,81024,1477.0,chunk_gated_delta_rule_fwd_kernel_h_blockdim64
0.4,17181867,966,17786.6,19104.0,3744,23200,4932.3,"void at::native::vectorized_elementwise_kernel<(int)4, void at::native::<unnamed>::pow_tensor_scalar_kernel_impl<float, float>(at::TensorIteratorBase &, T2)::[lambda(float) (instance 1)], std::array<char *, (unsigned long)2>>(int, T2, T3)"
0.4,16413559,1734,9465.7,9008.0,2240,13152,2091.0,"void at::native::vectorized_elementwise_kernel<(int)4, at::native::bfloat16_copy_kernel_cuda(at::TensorIteratorBase &)::[lambda(float) (instance 1)], std::array<char *, (unsigned long)2>>(int, T2, T3)"
0.4,15272806,288,53030.6,53280.0,50561,54336,797.8,merge_16x16_to_64x64_inverse_kernel
0.4,14582627,1248,11684.8,1696.0,1312,32000,13197.2,"void at::native::elementwise_kernel<(int)128, (int)4, void at::native::gpu_kernel_impl_nocast<at::native::direct_copy_kernel_cuda(at::TensorIteratorBase &)::[lambda() (instance 3)]::operator ()() const::[lambda() (instance 12)]::operator ()() const::[lambda(c10::BFloat16) (instance 1)]>(at::TensorIteratorBase &, const T1 &)::[lambda(int) (instance 1)]>(int, T3)"
0.3,12830487,192,66825.5,66912.5,63200,69504,1067.1,void cutlass::Kernel2<cutlass_80_tensorop_h16816gemm_128x128_64x3_nn_align8>(T1::Params)
0.3,12223510,288,42442.7,42368.0,39968,46752,951.3,_causal_conv1d_fwd_kernel
0.2,8272617,966,8563.8,8960.0,2880,11680,1918.6,"void at::native::reduce_kernel<(int)512, (int)1, at::native::ReduceOp<float, at::native::MeanOps<float, float, float, float>, unsigned int, float, (int)4, (int)4>>(T3)"
0.2,7741741,288,26881.0,26912.0,25760,27872,337.8,recompute_w_u_fwd_kernel
0.2,6740789,288,23405.5,23328.5,20512,26209,1082.8,_fused_post_conv_kernel
0.1,5077041,288,17628.6,17632.0,16416,18912,434.8,void cutlass::Kernel2<cutlass_80_tensorop_bf16_s16816gemm_relu_bf16_128x64_64x3_nn_align8>(T1::Params)
0.1,4981005,192,25942.7,25952.0,24864,27232,483.6,void cutlass::Kernel2<cutlass_80_simt_sgemm_128x64_8x5_nn_align1>(T1::Params)
0.1,4710001,768,6132.8,6064.0,2816,9920,3168.7,"void at::native::elementwise_kernel<(int)128, (int)2, void at::native::gpu_kernel_impl_nocast<at::native::direct_copy_kernel_cuda(at::TensorIteratorBase &)::[lambda() (instance 3)]::operator ()() const::[lambda() (instance 7)]::operator ()() const::[lambda(float) (instance 1)]>(at::TensorIteratorBase &, const T1 &)::[lambda(int) (instance 1)]>(int, T3)"
0.1,4601802,192,23967.7,24000.0,22880,24512,324.9,void cutlass::Kernel2<cutlass_80_simt_sgemm_128x128_8x4_nn_align1>(T1::Params)
0.1,4463434,288,15498.0,15552.0,14592,15936,231.8,chunk_scaled_dot_kkt_fwd_kernel
0.1,3721219,384,9690.7,9728.0,9120,10048,168.5,void cutlass::Kernel2<cutlass_80_simt_sgemm_128x32_8x5_nn_align1>(T1::Params)
0.1,3684364,288,12792.9,12800.0,12064,13408,247.8,layer_norm_fwd_kernel
0.1,3610536,6,601756.0,600945.5,598369,608002,3496.6,"void exl3_gemm_kernel<(int)6, (bool)0, (int)1, (int)16, (int)16, (int)512, (int)4, (int)3>(const __half *, const unsigned short *, void *, int, int, int, int *, const __half *, __half *, const __half *)"
0.1,3359845,576,5833.1,5776.0,3744,7872,1792.9,"void at::native::vectorized_elementwise_kernel<(int)4, at::native::FillFunctor<c10::BFloat16>, std::array<char *, (unsigned long)1>>(int, T2, T3)"
0.1,2182148,1932,1129.5,1088.0,672,1728,319.6,"void at::native::vectorized_elementwise_kernel<(int)4, at::native::CUDAFunctorOnSelf_add<float>, std::array<char *, (unsigned long)2>>(int, T2, T3)"
0.1,2113671,312,6774.6,7136.0,1696,7936,1428.4,"void at::native::index_elementwise_kernel<(int)128, (int)4, void at::native::gpu_index_kernel<void at::native::index_kernel_impl<at::native::OpaqueType<(int)4>>(at::TensorIteratorBase &, c10::ArrayRef<long>, c10::ArrayRef<long>)::[lambda(char *, const char *, long) (instance 1)]>(at::TensorIteratorBase &, c10::ArrayRef<long>, c10::ArrayRef<long>, const T1 &, bool)::[lambda(int) (instance 1)]>(long, T3)"
0.0,1785698,288,6200.3,6208.0,5664,6656,163.8,"void at::native::index_elementwise_kernel<(int)128, (int)4, void at::native::gpu_index_kernel<void at::native::index_put_kernel_impl<at::native::OpaqueType<(int)4>>(at::TensorIterator &, c10::ArrayRef<long>, c10::ArrayRef<long>)::[lambda(char *, const char *, long) (instance 1)]>(at::TensorIteratorBase &, c10::ArrayRef<long>, c10::ArrayRef<long>, const T1 &, bool)::[lambda(int) (instance 1)]>(long, T3)"
0.0,1604162,96,16710.0,16848.0,15616,18624,613.7,"void at::native::vectorized_elementwise_kernel<(int)4, at::native::sigmoid_kernel_cuda(at::TensorIteratorBase &)::[lambda() (instance 2)]::operator ()() const::[lambda() (instance 4)]::operator ()() const::[lambda(c10::BFloat16) (instance 1)], std::array<char *, (unsigned long)2>>(int, T2, T3)"
0.0,1288131,966,1333.5,1344.0,1088,1664,80.1,"void at::native::vectorized_elementwise_kernel<(int)4, at::native::rsqrt_kernel_cuda(at::TensorIteratorBase &)::[lambda() (instance 2)]::operator ()() const::[lambda() (instance 2)]::operator ()() const::[lambda(float) (instance 1)], std::array<char *, (unsigned long)2>>(int, T2, T3)"
0.0,1127488,384,2936.2,2864.0,1280,4864,1580.3,"void at::native::vectorized_elementwise_kernel<(int)4, at::native::float16_copy_kernel_cuda(at::TensorIteratorBase &)::[lambda(float) (instance 1)], std::array<char *, (unsigned long)2>>(int, T2, T3)"
0.0,1119460,96,11661.0,11808.0,10368,12992,773.6,"void at::native::vectorized_elementwise_kernel<(int)4, at::native::BinaryFunctor<c10::BFloat16, c10::BFloat16, c10::BFloat16, at::native::binary_internal::MulFunctor<float>>, std::array<char *, (unsigned long)3>>(int, T2, T3)"
0.0,1016163,192,5292.5,5328.0,4576,6273,484.3,"void reconstruct_kernel<(int)6, (int)1>(__half *, const unsigned short *, int, int)"
0.0,1005569,288,3491.6,3536.5,2976,3904,200.5,chunk_local_cumsum_scalar_kernel
0.0,834882,96,8696.7,8736.0,8064,9408,271.9,"void at::native::elementwise_kernel<(int)128, (int)4, void at::native::gpu_kernel_impl<at::native::direct_copy_kernel_cuda(at::TensorIteratorBase &)::[lambda() (instance 3)]::operator ()() const::[lambda() (instance 7)]::operator ()() const::[lambda(float) (instance 1)]>(at::TensorIteratorBase &, const T1 &)::[lambda(int) (instance 1)]>(int, T3)"
0.0,771585,606,1273.2,1216.0,736,1792,190.0,"void at::native::unrolled_elementwise_kernel<at::native::direct_copy_kernel_cuda(at::TensorIteratorBase &)::[lambda() (instance 3)]::operator ()() const::[lambda() (instance 4)]::operator ()() const::[lambda(long) (instance 1)], std::array<char *, (unsigned long)2>, (int)4, TrivialOffsetCalculator<(int)1, unsigned int>, TrivialOffsetCalculator<(int)1, unsigned int>, at::native::memory::LoadWithCast<(int)1>, at::native::memory::StoreWithCast<(int)1>>(int, T1, T2, T4, T5, T6, T7)"
0.0,717313,288,2490.7,2496.0,2336,2656,40.7,"void at::native::elementwise_kernel<(int)128, (int)2, void at::native::gpu_kernel_impl_nocast<at::native::<unnamed>::masked_fill_kernel(at::TensorIterator &, const c10::Scalar &)::[lambda() (instance 1)]::operator ()() const::[lambda() (instance 7)]::operator ()() const::[lambda(float, bool) (instance 1)]>(at::TensorIteratorBase &, const T1 &)::[lambda(int) (instance 1)]>(int, T3)"
0.0,648034,96,6750.4,6752.0,6432,7072,147.6,"void vllm::scaled_fp8_quant_kernel_strided_group_shape<c10::BFloat16, c10::Float8_e4m3fn, (bool)1, (bool)1>(T2 *, const T1 *, const float *, int, long, long, int, int, long, long)"
0.0,644834,96,6717.0,6944.0,5664,7648,601.1,reshape_and_cache_kernel_flash
0.0,630403,6,105067.2,105024.0,103617,106369,904.9,"void at::native::<unnamed>::CatArrayBatchedCopy_alignedK_contig<at::native::<unnamed>::OpaqueType<(unsigned int)4>, unsigned int, (int)3, (int)128, (int)1, (int)16>(T1 *, at::native::<unnamed>::CatArrInputTensorMetadata<T1, T2, T4, T5>, at::native::<unnamed>::TensorSizeStride<T2, (unsigned int)4>, int, T2)"
0.0,610049,288,2118.2,2112.0,1984,2240,37.3,"void cublasLt::splitKreduce_kernel<(int)32, (int)16, int, __nv_bfloat16, __nv_bfloat16, float, __nv_bfloat16, (bool)0, __nv_bfloat16, __nv_bfloat16, __nv_bfloat16, (bool)1, (bool)0, (bool)0, (bool)0>(cublasLt::cublasSplitKParams<T6>, const T4 *, const T10 *, T9 *, T5 *, const T6 *, const T6 *, const T11 *, const T4 *, T11 *, void *, long, T6 *, int *, T6 *, T6 *, const T6 *, const T6 *, const T6 *, const T6 *, const T6 *)"
0.0,552449,108,5115.3,5056.0,4640,6656,337.4,"void at::native::index_elementwise_kernel<(int)128, (int)4, void at::native::gpu_index_kernel<void at::native::index_kernel_impl<at::native::OpaqueType<(int)2>>(at::TensorIteratorBase &, c10::ArrayRef<long>, c10::ArrayRef<long>)::[lambda(char *, const char *, long) (instance 1)]>(at::TensorIteratorBase &, c10::ArrayRef<long>, c10::ArrayRef<long>, const T1 &, bool)::[lambda(int) (instance 1)]>(long, T3)"
0.0,448000,6,74666.7,74656.0,74592,74784,66.1,"void at::native::<unnamed>::cunn_SoftMaxForward<(int)4, float, float, float, at::native::<unnamed>::SoftMaxForwardEpilogue>(T4 *, const T2 *, int)"
0.0,375170,96,3908.0,3904.0,3648,4192,91.0,_triton_mrope_forward
0.0,259040,288,899.4,896.0,736,1184,90.0,"void at::native::vectorized_elementwise_kernel<(int)4, at::native::bitwise_not_kernel_cuda(at::TensorIteratorBase &)::[lambda(bool) (instance 1)], std::array<char *, (unsigned long)2>>(int, T2, T3)"
0.0,244929,6,40821.5,40832.0,39936,41568,559.6,_zero_kv_blocks_kernel
0.0,116192,6,19365.3,19216.0,19040,20128,399.4,"void at::native::elementwise_kernel<(int)128, (int)4, void at::native::gpu_kernel_impl_nocast<at::native::BinaryFunctor<c10::BFloat16, c10::BFloat16, c10::BFloat16, at::native::binary_internal::MulFunctor<float>>>(at::TensorIteratorBase &, const T1 &)::[lambda(int) (instance 1)]>(int, T3)"
0.0,110752,6,18458.7,18496.0,18176,18624,158.6,"void flashinfer::sampling::RadixTopKMaskLogitsKernel_MultiCTA<(unsigned int)1024, (unsigned int)4, (bool)0, float, int>(T4 *, T4 *, T5 *, unsigned int, unsigned int, unsigned int, flashinfer::sampling::RadixRowState *, unsigned int, unsigned int)"
0.0,99552,24,4148.0,4128.0,4032,4416,87.4,"void at::native::vectorized_elementwise_kernel<(int)4, at::native::AUnaryFunctor<int, int, int, at::native::BitwiseAndFunctor<int>>, std::array<char *, (unsigned long)2>>(int, T2, T3)"
0.0,92128,24,3838.7,960.0,864,13344,5157.4,"void at::native::unrolled_elementwise_kernel<at::native::direct_copy_kernel_cuda(at::TensorIteratorBase &)::[lambda() (instance 3)]::operator ()() const::[lambda() (instance 3)]::operator ()() const::[lambda(int) (instance 1)], std::array<char *, (unsigned long)2>, (int)4, TrivialOffsetCalculator<(int)1, unsigned int>, TrivialOffsetCalculator<(int)1, unsigned int>, at::native::memory::LoadWithCast<(int)1>, at::native::memory::StoreWithCast<(int)1>>(int, T1, T2, T4, T5, T6, T7)"
0.0,85890,6,14315.0,14304.5,14272,14369,43.9,"void flashinfer::sampling::TopPSamplingFromProbKernel<(unsigned int)1024, (cub::_V_300302_SM_1200::BlockScanAlgorithm)2, (cub::_V_300302_SM_1200::BlockReduceAlgorithm)2, (unsigned int)4, (bool)1, float, int>(T6 *, T7 *, bool *, T7 *, float *, float, unsigned int, unsigned long *, unsigned long, unsigned long *, unsigned long)"
0.0,84768,36,2354.7,2368.0,1952,3040,237.3,_apply_write_kernel
0.0,82208,6,13701.3,13648.0,13504,14208,257.1,"void at::native::vectorized_elementwise_kernel<(int)4, at::native::CUDAFunctorOnSelf_add<int>, std::array<char *, (unsigned long)2>>(int, T2, T3)"
0.0,75233,18,4179.6,4128.0,4096,4384,81.5,"void at::native::vectorized_elementwise_kernel<(int)4, at::native::BUnaryFunctor<int, int, int, at::native::rshift_kernel_cuda(at::TensorIteratorBase &)::[lambda() (instance 1)]::operator ()() const::[lambda() (instance 3)]::operator ()() const::[lambda(int, int) (instance 1)]>, std::array<char *, (unsigned long)2>>(int, T2, T3)"
0.0,68672,12,5722.7,5744.0,5632,5792,59.2,"void at::native::elementwise_kernel<(int)128, (int)2, void at::native::gpu_kernel_impl_nocast<at::native::BUnaryFunctor<int, int, int, at::native::lshift_kernel_cuda(at::TensorIteratorBase &)::[lambda() (instance 1)]::operator ()() const::[lambda() (instance 3)]::operator ()() const::[lambda(int, int) (instance 1)]>>(at::TensorIteratorBase &, const T1 &)::[lambda(int) (instance 1)]>(int, T3)"
0.0,40800,6,6800.0,6480.0,6272,8288,766.1,_prepare_rope_positions_kernel
0.0,40160,6,6693.3,6688.0,6624,6784,51.3,"void at::native::elementwise_kernel<(int)128, (int)2, void at::native::gpu_kernel_impl_nocast<at::native::BinaryFunctor<int, int, int, at::native::BitwiseOrFunctor<int>>>(at::TensorIteratorBase &, const T1 &)::[lambda(int) (instance 1)]>(int, T3)"
0.0,38913,6,6485.5,6512.5,6336,6560,80.1,_compute_slot_mappings_kernel
0.0,32288,6,5381.3,5376.0,5312,5440,55.1,"void at::native::vectorized_elementwise_kernel<(int)4, at::native::BinaryFunctor<int, int, int, at::native::BitwiseOrFunctor<int>>, std::array<char *, (unsigned long)3>>(int, T2, T3)"
0.0,23488,54,435.0,416.0,384,576,54.0,"void at::native::vectorized_elementwise_kernel<(int)4, at::native::FillFunctor<int>, std::array<char *, (unsigned long)1>>(int, T2, T3)"
0.0,21984,6,3664.0,3680.0,3424,3840,172.6,"void at::native::vectorized_gather_kernel<(int)16, long>(char *, char *, T2 *, int, long, long, long, long, bool)"
0.0,18912,6,3152.0,3104.0,3072,3392,122.7,_prepare_prefill_inputs_kernel
0.0,13952,6,2325.3,2272.0,2208,2592,141.2,_post_update_kernel
0.0,13632,18,757.3,768.0,672,832,67.7,"void at::native::vectorized_elementwise_kernel<(int)4, at::native::CUDAFunctor_add<int>, std::array<char *, (unsigned long)3>>(int, T2, T3)"
0.0,13216,6,2202.7,2208.0,2144,2304,58.7,_gather_block_tables_kernel
0.0,13025,6,2170.8,2176.0,2144,2208,23.9,"void at::native::index_elementwise_kernel<(int)128, (int)4, void at::native::gpu_index_kernel<void at::native::index_kernel_impl<at::native::OpaqueType<(int)8>>(at::TensorIteratorBase &, c10::ArrayRef<long>, c10::ArrayRef<long>)::[lambda(char *, const char *, long) (instance 1)]>(at::TensorIteratorBase &, c10::ArrayRef<long>, c10::ArrayRef<long>, const T1 &, bool)::[lambda(int) (instance 1)]>(long, T3)"
0.0,12512,18,695.1,640.0,608,896,95.6,"void at::native::vectorized_elementwise_kernel<(int)4, void at::native::compare_scalar_kernel<int>(at::TensorIteratorBase &, at::native::<unnamed>::OpType, T1)::[lambda(int) (instance 1)], std::array<char *, (unsigned long)2>>(int, T2, T3)"
0.0,10432,6,1738.7,1728.0,1728,1760,16.5,_get_num_sampled_and_rejected_kernel
0.0,10432,18,579.6,544.0,544,672,52.5,"void at::native::unrolled_elementwise_kernel<at::native::CUDAFunctor_add<int>, std::array<char *, (unsigned long)3>, (int)4, TrivialOffsetCalculator<(int)2, unsigned int>, TrivialOffsetCalculator<(int)1, unsigned int>, at::native::memory::LoadWithoutCast, at::native::memory::StoreWithoutCast>(int, T1, T2, T4, T5, T6, T7)"
0.0,8800,6,1466.7,1472.0,1440,1472,13.1,_combine_sampled_and_draft_tokens_kernel
0.0,5760,6,960.0,928.0,896,1120,81.0,_prepare_pos_seq_lens_kernel
0.0,4864,6,810.7,800.0,800,832,16.5,_scatter_num_accepted_kernel
0.0,4384,6,730.7,736.0,704,768,24.1,"void at::native::vectorized_elementwise_kernel<(int)4, at::native::FillFunctor<bool>, std::array<char *, (unsigned long)1>>(int, T2, T3)"
0.0,3360,6,560.0,544.0,544,608,26.8,"void at::native::vectorized_elementwise_kernel<(int)2, at::native::FillFunctor<long>, std::array<char *, (unsigned long)1>>(int, T2, T3)"
0.0,3104,6,517.3,496.0,480,608,51.3,"void <unnamed>::elementwise_kernel_with_index<int, at::native::arange_cuda_out(const c10::Scalar &, const c10::Scalar &, const c10::Scalar &, at::Tensor &)::[lambda() (instance 1)]::operator ()() const::[lambda() (instance 3)]::operator ()() const::[lambda(long) (instance 1)]>(T1, T2, function_traits<T2>::result_type *)"
