Time (%),Total Time (ns),Instances,Avg (ns),Med (ns),Min (ns),Max (ns),StdDev (ns),Category,Operation
22.4,412120275,18422,22371.1,22624.0,7616,33280,9127.7,CUDA_KERNEL,kernel_cutlass_kernel_b12x_libdense_gemmDenseGemmKernel_object_at__CopyAtom_ThrID10_TVLayoutSrc1819201_TVLayoutDst1819201_Valuetypef4E2M1FN_tensor00o5120111100_tensorptrf4E2M1FNgmemalign1_0
14.6,269808504,427,631870.0,568226.0,561409,1151010,180975.2,CUDA_KERNEL,"void exl3_gemm_kernel<(int)6, (bool)0, (int)1, (int)16, (int)16, (int)512, (int)4, (int)3>(const __half *, const unsigned short *, void *, int, int, int, int *, const __half *, __half *, const __half *)"
10.6,195328383,26962,7244.6,8896.0,1664,10784,2585.9,CUDA_KERNEL,"void at::native::reduce_kernel<(int)512, (int)1, at::native::ReduceOp<c10::BFloat16, at::native::func_wrapper_t<c10::BFloat16, at::native::MaxNanFunctor<c10::BFloat16>>, unsigned int, c10::BFloat16, (int)4, (int)4>>(T3)"
8.8,162256563,4270,37999.2,40192.0,31809,42560,3624.6,CUDA_KERNEL,kernel_cutlass_kernel_b12x_libdense_gemmDenseGemmKernel_object_at__CopyAtom_ThrID10_TVLayoutSrc1819201_TVLayoutDst1819201_Valuetypef4E2M1FN_tensor00o17408111100_tensorptrf4E2M1FNgmemalign_0
5.3,98122573,18422,5326.4,4896.0,4736,9216,603.2,CUDA_KERNEL,kernel_cutlass_kernel_b12xquantizationnvfp4_kernelBf16ToFp4TmaKernel_object_at__tensorptrbf16gmemalign16o128512051201_CopyAtom_ThrID10_TVLayoutSrc11638401_TVLayoutDst11638401_Valuetypef4E_0
4.7,85854723,58997,1455.2,1408.0,672,11937,743.9,CUDA_KERNEL,"void at::native::unrolled_elementwise_kernel<at::native::direct_copy_kernel_cuda(at::TensorIteratorBase &)::[lambda() (instance 3)]::operator ()() const::[lambda() (instance 7)]::operator ()() const::[lambda(float) (instance 1)], std::array<char *, (unsigned long)2>, (int)4, TrivialOffsetCalculator<(int)1, unsigned int>, TrivialOffsetCalculator<(int)1, unsigned int>, at::native::memory::LoadWithCast<(int)1>, at::native::memory::StoreWithCast<(int)1>>(int, T1, T2, T4, T5, T6, T7)"
4.1,76374152,2880,26518.8,27872.0,12928,41664,4766.7,CUDA_KERNEL,fused_sigmoid_gating_delta_rule_update_kernel
3.2,58394962,4270,13675.6,13856.0,12256,16448,750.8,CUDA_KERNEL,kernel_cutlass_kernel_b12x_libdense_gemmDenseGemmKernel_object_at__CopyAtom_ThrID10_TVLayoutSrc1819201_TVLayoutDst1819201_Valuetypef4E2M1FN_tensor00o6144111100_tensorptrf4E2M1FNgmemalign1_0
3.1,56514111,12383,4563.8,6688.0,992,7072,2406.0,CUDA_KERNEL,"void at::native::reduce_kernel<(int)512, (int)1, at::native::ReduceOp<float, at::native::MeanOps<float, float, float, float>, unsigned int, float, (int)4, (int)4>>(T3)"
1.8,32851887,26962,1218.5,1216.0,1120,1536,39.7,CUDA_KERNEL,"void at::native::vectorized_elementwise_kernel<(int)4, at::native::BinaryFunctor<float, float, float, at::native::binary_internal::DivFunctor<float>>, std::array<char *, (unsigned long)3>>(int, T2, T3)"
1.6,29500688,23484,1256.2,1280.0,544,2624,200.0,CUDA_KERNEL,"void at::native::elementwise_kernel<(int)128, (int)4, void at::native::gpu_kernel_impl_nocast<at::native::direct_copy_kernel_cuda(at::TensorIteratorBase &)::[lambda() (instance 3)]::operator ()() const::[lambda() (instance 12)]::operator ()() const::[lambda(c10::BFloat16) (instance 1)]>(at::TensorIteratorBase &, const T1 &)::[lambda(int) (instance 1)]>(int, T3)"
1.5,27436898,4270,6425.5,6464.0,5824,8256,201.9,CUDA_KERNEL,kernel_cutlass_kernel_b12xquantizationnvfp4_kernelBf16ToFp4TmaKernel_object_at__tensorptrbf16gmemalign16o128614461441_CopyAtom_ThrID10_TVLayoutSrc11638401_TVLayoutDst11638401_Valuetypef4E_0
1.5,27193130,4270,6368.4,6368.0,5952,7137,161.5,CUDA_KERNEL,kernel_cutlass_kernel_b12xquantizationnvfp4_kernelBf16ToFp4TmaKernel_object_at__tensorptrbf16gmemalign16o12817408174081_CopyAtom_ThrID10_TVLayoutSrc11638401_TVLayoutDst11638401_Valuetypef_0
1.3,23290330,24716,942.3,896.0,768,1504,97.6,CUDA_KERNEL,"void at::native::elementwise_kernel<(int)128, (int)2, void at::native::gpu_kernel_impl_nocast<at::native::BinaryFunctor<float, float, float, at::native::binary_internal::MulFunctor<float>>>(at::TensorIteratorBase &, const T1 &)::[lambda(int) (instance 1)]>(int, T3)"
1.2,22181746,26962,822.7,832.0,736,1184,37.6,CUDA_KERNEL,"void at::native::vectorized_elementwise_kernel<(int)4, at::native::reciprocal_kernel_cuda(at::TensorIteratorBase &)::[lambda() (instance 1)]::operator ()() const::[lambda() (instance 2)]::operator ()() const::[lambda(float) (instance 1)], std::array<char *, (unsigned long)2>>(int, T2, T3)"
1.1,20061579,26962,744.1,736.0,672,1088,42.2,CUDA_KERNEL,"void at::native::vectorized_elementwise_kernel<(int)4, at::native::reciprocal_kernel_cuda(at::TensorIteratorBase &)::[lambda() (instance 1)]::operator ()() const::[lambda() (instance 6)]::operator ()() const::[lambda(c10::BFloat16) (instance 1)], std::array<char *, (unsigned long)2>>(int, T2, T3)"
1.0,18241654,26962,676.6,672.0,608,960,37.1,CUDA_KERNEL,"void at::native::vectorized_elementwise_kernel<(int)4, at::native::<unnamed>::launch_clamp_scalar(at::TensorIteratorBase &, c10::Scalar, c10::Scalar, at::native::detail::ClampLimits)::[lambda() (instance 1)]::operator ()() const::[lambda() (instance 9)]::operator ()() const::[lambda(c10::BFloat16) (instance 1)], std::array<char *, (unsigned long)2>>(int, T2, T3)"
0.9,17404272,31213,557.6,544.0,448,3968,78.7,MEMORY_OPER,[CUDA memcpy Device-to-Device]
0.9,16515408,58,284748.4,312113.0,238593,320833,35256.4,CUDA_KERNEL,_topk_topp_kernel
0.9,16477282,26962,611.1,576.0,512,1056,69.4,CUDA_KERNEL,"void at::native::vectorized_elementwise_kernel<(int)4, at::native::AbsFunctor<c10::BFloat16>, std::array<char *, (unsigned long)2>>(int, T2, T3)"
0.8,14930878,24766,602.9,608.0,480,864,40.9,CUDA_KERNEL,"void at::native::vectorized_elementwise_kernel<(int)4, at::native::CUDAFunctorOnSelf_add<float>, std::array<char *, (unsigned long)2>>(int, T2, T3)"
0.8,14643709,26962,543.1,544.0,480,832,36.6,CUDA_KERNEL,"void at::native::vectorized_elementwise_kernel<(int)4, at::native::AUnaryFunctor<c10::BFloat16, c10::BFloat16, c10::BFloat16, at::native::binary_internal::MulFunctor<float>>, std::array<char *, (unsigned long)2>>(int, T2, T3)"
0.7,12409916,20923,593.1,576.0,512,864,28.8,CUDA_KERNEL,"void at::native::vectorized_elementwise_kernel<(int)4, at::native::bfloat16_copy_kernel_cuda(at::TensorIteratorBase &)::[lambda(float) (instance 1)], std::array<char *, (unsigned long)2>>(int, T2, T3)"
0.7,12249818,4270,2868.8,2880.0,2688,3104,50.0,CUDA_KERNEL,"void vllm::act_and_mul_kernel<c10::BFloat16, __nv_bfloat162, &vllm::silu_kernel<c10::BFloat16>, &vllm::packed_silu_kernel<__nv_bfloat162>, (bool)1, (bool)1, (bool)0, (bool)0>(T1 *, const T1 *, int, float, float, float)"
0.6,10534164,366,28781.9,25728.0,25248,49568,7897.9,CUDA_KERNEL,"void exl3_gemm_kernel<(int)4, (bool)0, (int)1, (int)16, (int)32, (int)128, (int)4, (int)3>(const __half *, const unsigned short *, void *, int, int, int, int *, const __half *, __half *, const __half *)"
0.5,8443126,8906,948.0,832.0,672,1792,199.4,CUDA_KERNEL,"void at::native::<unnamed>::CatArrayBatchedCopy_vectorized<at::native::<unnamed>::OpaqueType<(unsigned int)2>, unsigned int, (int)2, (int)128, (int)1, (int)16, (int)8>(char *, at::native::<unnamed>::CatArrInputTensorMetadata<T1, T2, T4, T5>, at::native::<unnamed>::TensorSizeStride<T2, (unsigned int)4>, int, T2)"
0.4,8187224,2880,2842.8,2816.0,2496,3552,92.1,CUDA_KERNEL,_causal_conv1d_update_kernel
0.4,8077176,12383,652.3,640.0,512,928,30.3,CUDA_KERNEL,"void at::native::vectorized_elementwise_kernel<(int)4, void at::native::<unnamed>::pow_tensor_scalar_kernel_impl<float, float>(at::TensorIteratorBase &, T2)::[lambda(float) (instance 1)], std::array<char *, (unsigned long)2>>(int, T2, T3)"
0.4,7738519,12383,624.9,608.0,544,992,50.3,CUDA_KERNEL,"void at::native::vectorized_elementwise_kernel<(int)4, at::native::rsqrt_kernel_cuda(at::TensorIteratorBase &)::[lambda() (instance 2)]::operator ()() const::[lambda() (instance 2)]::operator ()() const::[lambda(float) (instance 1)], std::array<char *, (unsigned long)2>>(int, T2, T3)"
0.3,6364687,2304,2762.5,2752.0,2592,3200,92.8,CUDA_KERNEL,void cutlass::Kernel2<cutlass_80_wmma_tensorop_bf16_s161616gemm_bf16_32x32_128x1_nn_align8>(T1::Params)
0.3,6295214,8540,737.1,736.0,672,992,32.3,CUDA_KERNEL,"void at::native::vectorized_elementwise_kernel<(int)4, at::native::CUDAFunctor_add<float>, std::array<char *, (unsigned long)3>>(int, T2, T3)"
0.3,5843309,1415,4129.5,4928.0,1152,5408,1313.1,CUDA_KERNEL,"void at::native::index_elementwise_kernel<(int)128, (int)4, void at::native::gpu_index_kernel<void at::native::index_kernel_impl<at::native::OpaqueType<(int)2>>(at::TensorIteratorBase &, c10::ArrayRef<long>, c10::ArrayRef<long>)::[lambda(char *, const char *, long) (instance 1)]>(at::TensorIteratorBase &, c10::ArrayRef<long>, c10::ArrayRef<long>, const T1 &, bool)::[lambda(int) (instance 1)]>(long, T3)"
0.3,5411988,1342,4032.8,4320.0,2688,5280,657.9,CUDA_KERNEL,kernel_unified_attention
0.2,4133638,2928,1411.8,1536.0,896,1792,233.3,CUDA_KERNEL,"void cublasLt::splitKreduce_kernel<(int)32, (int)16, int, __nv_bfloat16, __nv_bfloat16, float, __nv_bfloat16, (bool)0, __nv_bfloat16, __nv_bfloat16, __nv_bfloat16, (bool)1, (bool)0, (bool)0, (bool)0>(cublasLt::cublasSplitKParams<T6>, const T4 *, const T10 *, T9 *, T5 *, const T6 *, const T6 *, const T11 *, const T4 *, T11 *, void *, long, T6 *, int *, T6 *, T6 *, const T6 *, const T6 *, const T6 *, const T6 *, const T6 *)"
0.2,3842697,2928,1312.4,1280.0,1088,1792,99.6,CUDA_KERNEL,layer_norm_fwd_kernel
0.2,3338760,1647,2027.2,1824.0,672,14624,1828.3,CUDA_KERNEL,"void at::native::unrolled_elementwise_kernel<at::native::direct_copy_kernel_cuda(at::TensorIteratorBase &)::[lambda() (instance 3)]::operator ()() const::[lambda() (instance 12)]::operator ()() const::[lambda(c10::BFloat16) (instance 1)], std::array<char *, (unsigned long)2>, (int)4, TrivialOffsetCalculator<(int)1, unsigned int>, TrivialOffsetCalculator<(int)1, unsigned int>, at::native::memory::LoadWithCast<(int)1>, at::native::memory::StoreWithCast<(int)1>>(int, T1, T2, T4, T5, T6, T7)"
0.2,2811558,1332,2110.8,2112.0,2048,2464,40.7,CUDA_KERNEL,"void at::native::elementwise_kernel<(int)128, (int)4, void at::native::gpu_kernel_impl<at::native::direct_copy_kernel_cuda(at::TensorIteratorBase &)::[lambda() (instance 3)]::operator ()() const::[lambda() (instance 7)]::operator ()() const::[lambda(float) (instance 1)]>(at::TensorIteratorBase &, const T1 &)::[lambda(int) (instance 1)]>(int, T3)"
0.1,2509925,624,4022.3,4000.0,3744,4928,168.3,CUDA_KERNEL,void cutlass::Kernel2<cutlass_80_wmma_tensorop_bf16_s161616gemm_bf16_16x16_64x2_nn_align8>(T1::Params)
0.1,2355557,1342,1755.3,1792.0,1376,2272,185.4,CUDA_KERNEL,reduce_segments
0.1,2141316,2880,743.5,736.0,640,1088,39.0,CUDA_KERNEL,"void at::native::<unnamed>::CatArrayBatchedCopy_vectorized<at::native::<unnamed>::OpaqueType<(unsigned int)2>, unsigned int, (int)1, (int)128, (int)1, (int)16, (int)8>(char *, at::native::<unnamed>::CatArrInputTensorMetadata<T1, T2, T4, T5>, at::native::<unnamed>::TensorSizeStride<T2, (unsigned int)4>, int, T2)"
0.1,1797284,366,4910.6,4896.0,4704,5152,66.6,CUDA_KERNEL,"void at::native::reduce_kernel<(int)512, (int)1, at::native::ReduceOp<c10::BFloat16, at::native::ArgMaxOps<float>, unsigned int, long, (int)4, (int)4>>(T3)"
0.1,1621923,5310,305.4,256.0,224,1440,111.1,MEMORY_OPER,[CUDA memset]
0.1,1618274,1342,1205.9,1216.0,1088,1472,56.4,CUDA_KERNEL,"void vllm::scaled_fp8_quant_kernel_strided_group_shape<c10::BFloat16, c10::Float8_e4m3fn, (bool)1, (bool)1>(T2 *, const T1 *, const float *, int, long, long, int, int, long, long)"
0.1,1484452,366,4055.9,4064.0,3712,4800,137.9,CUDA_KERNEL,_compute_slot_mappings_kernel
0.1,1475843,793,1861.1,1856.0,1792,2208,61.2,CUDA_KERNEL,"void at::native::unrolled_elementwise_kernel<at::native::direct_copy_kernel_cuda(at::TensorIteratorBase &)::[lambda() (instance 3)]::operator ()() const::[lambda() (instance 10)]::operator ()() const::[lambda(c10::Half) (instance 1)], std::array<char *, (unsigned long)2>, (int)4, TrivialOffsetCalculator<(int)1, unsigned int>, TrivialOffsetCalculator<(int)1, unsigned int>, at::native::memory::LoadWithCast<(int)1>, at::native::memory::StoreWithCast<(int)1>>(int, T1, T2, T4, T5, T6, T7)"
0.1,1427075,1048,1361.7,992.0,832,5664,1160.9,CUDA_KERNEL,"void at::native::vectorized_gather_kernel<(int)16, long>(char *, char *, T2 *, int, long, long, long, long, bool)"
0.1,1343520,1342,1001.1,1024.0,800,1600,96.3,CUDA_KERNEL,reshape_and_cache_kernel_flash
0.1,1337953,3024,442.4,448.0,416,640,30.9,CUDA_KERNEL,"void at::native::vectorized_elementwise_kernel<(int)4, at::native::FillFunctor<c10::BFloat16>, std::array<char *, (unsigned long)1>>(int, T2, T3)"
0.1,1281220,1342,954.7,960.0,928,1120,25.4,CUDA_KERNEL,"void at::native::vectorized_elementwise_kernel<(int)4, at::native::sigmoid_kernel_cuda(at::TensorIteratorBase &)::[lambda() (instance 2)]::operator ()() const::[lambda() (instance 4)]::operator ()() const::[lambda(c10::BFloat16) (instance 1)], std::array<char *, (unsigned long)2>>(int, T2, T3)"
0.1,1211013,288,4204.9,4304.0,3328,5536,697.0,CUDA_KERNEL,"void at::native::<unnamed>::indexSelectSmallIndex<c10::BFloat16, long, unsigned int, (int)2, (int)2, (int)-2>(at::cuda::detail::TensorInfo<T1, T3>, at::cuda::detail::TensorInfo<const T1, T3>, at::cuda::detail::TensorInfo<const T2, T3>, int, int, T3, long)"
0.1,1198181,1708,701.5,704.0,576,960,56.4,CUDA_KERNEL,"void at::native::vectorized_elementwise_kernel<(int)4, at::native::AUnaryFunctor<int, int, int, at::native::BitwiseAndFunctor<int>>, std::array<char *, (unsigned long)2>>(int, T2, T3)"
0.1,922342,732,1260.0,1248.0,1088,1664,49.5,CUDA_KERNEL,"void at::native::<unnamed>::CatArrayBatchedCopy<at::native::<unnamed>::OpaqueType<(unsigned int)2>, unsigned int, (int)3, (int)64, (int)64>(T1 *, at::native::<unnamed>::CatArrInputTensorMetadata<T1, T2, T4, T5>, at::native::<unnamed>::TensorSizeStride<T2, (unsigned int)4>, int, T2)"
0.0,912738,1342,680.1,672.0,640,864,34.4,CUDA_KERNEL,"void at::native::vectorized_elementwise_kernel<(int)4, at::native::BinaryFunctor<c10::BFloat16, c10::BFloat16, c10::BFloat16, at::native::binary_internal::MulFunctor<float>>, std::array<char *, (unsigned long)3>>(int, T2, T3)"
0.0,908160,1281,708.9,704.0,576,1056,67.1,CUDA_KERNEL,"void at::native::vectorized_elementwise_kernel<(int)4, at::native::BUnaryFunctor<int, int, int, at::native::rshift_kernel_cuda(at::TensorIteratorBase &)::[lambda() (instance 1)]::operator ()() const::[lambda() (instance 3)]::operator ()() const::[lambda(int, int) (instance 1)]>, std::array<char *, (unsigned long)2>>(int, T2, T3)"
0.0,846532,305,2775.5,3232.0,832,3456,951.7,CUDA_KERNEL,_update_draft_inputs_kernel
0.0,837377,613,1366.0,1088.0,832,2592,486.5,CUDA_KERNEL,"void at::native::index_elementwise_kernel<(int)128, (int)4, void at::native::gpu_index_kernel<void at::native::index_kernel_impl<at::native::OpaqueType<(int)4>>(at::TensorIteratorBase &, c10::ArrayRef<long>, c10::ArrayRef<long>)::[lambda(char *, const char *, long) (instance 1)]>(at::TensorIteratorBase &, c10::ArrayRef<long>, c10::ArrayRef<long>, const T1 &, bool)::[lambda(int) (instance 1)]>(long, T3)"
0.0,836100,834,1002.5,1056.0,672,1440,190.5,CUDA_KERNEL,"void at::native::unrolled_elementwise_kernel<at::native::direct_copy_kernel_cuda(at::TensorIteratorBase &)::[lambda() (instance 3)]::operator ()() const::[lambda() (instance 4)]::operator ()() const::[lambda(long) (instance 1)], std::array<char *, (unsigned long)2>, (int)4, TrivialOffsetCalculator<(int)1, unsigned int>, TrivialOffsetCalculator<(int)1, unsigned int>, at::native::memory::LoadWithCast<(int)1>, at::native::memory::StoreWithCast<(int)1>>(int, T1, T2, T4, T5, T6, T7)"
0.0,800577,96,8339.3,8320.0,8160,8576,87.2,CUDA_KERNEL,chunk_gated_delta_rule_fwd_kernel_h_blockdim64
0.0,775971,976,795.1,800.0,768,960,28.6,CUDA_KERNEL,_triton_mrope_forward
0.0,743556,854,870.7,896.0,768,1216,86.2,CUDA_KERNEL,"void at::native::elementwise_kernel<(int)128, (int)2, void at::native::gpu_kernel_impl_nocast<at::native::BUnaryFunctor<int, int, int, at::native::lshift_kernel_cuda(at::TensorIteratorBase &)::[lambda() (instance 1)]::operator ()() const::[lambda() (instance 3)]::operator ()() const::[lambda(int, int) (instance 1)]>>(at::TensorIteratorBase &, const T1 &)::[lambda(int) (instance 1)]>(int, T3)"
0.0,718432,96,7483.7,7488.0,7392,7648,46.3,CUDA_KERNEL,chunk_fwd_kernel_o
0.0,663587,427,1554.1,1504.0,1344,1889,95.7,CUDA_KERNEL,"void at::native::elementwise_kernel<(int)128, (int)4, void at::native::gpu_kernel_impl_nocast<at::native::BinaryFunctor<c10::BFloat16, c10::BFloat16, c10::BFloat16, at::native::binary_internal::MulFunctor<float>>>(at::TensorIteratorBase &, const T1 &)::[lambda(int) (instance 1)]>(int, T3)"
0.0,641666,96,6684.0,6656.0,6304,7136,227.1,CUDA_KERNEL,"void at::native::index_elementwise_kernel<(int)128, (int)4, void at::native::gpu_index_kernel<void at::native::index_put_kernel_impl<at::native::OpaqueType<(int)4>>(at::TensorIterator &, c10::ArrayRef<long>, c10::ArrayRef<long>)::[lambda(char *, const char *, long) (instance 1)]>(at::TensorIteratorBase &, c10::ArrayRef<long>, c10::ArrayRef<long>, const T1 &, bool)::[lambda(int) (instance 1)]>(long, T3)"
0.0,581410,60,9690.2,9680.0,6528,12128,1326.1,CUDA_KERNEL,_resample_kernel
0.0,515200,433,1189.8,1184.0,704,1440,83.0,CUDA_KERNEL,"void at::native::unrolled_elementwise_kernel<at::native::direct_copy_kernel_cuda(at::TensorIteratorBase &)::[lambda() (instance 3)]::operator ()() const::[lambda() (instance 3)]::operator ()() const::[lambda(int) (instance 1)], std::array<char *, (unsigned long)2>, (int)4, TrivialOffsetCalculator<(int)1, unsigned int>, TrivialOffsetCalculator<(int)1, unsigned int>, at::native::memory::LoadWithCast<(int)1>, at::native::memory::StoreWithCast<(int)1>>(int, T1, T2, T4, T5, T6, T7)"
0.0,487459,427,1141.6,960.0,928,1952,301.0,CUDA_KERNEL,"void at::native::<unnamed>::CatArrayBatchedCopy_alignedK_contig<at::native::<unnamed>::OpaqueType<(unsigned int)4>, unsigned int, (int)3, (int)128, (int)1, (int)16>(T1 *, at::native::<unnamed>::CatArrInputTensorMetadata<T1, T2, T4, T5>, at::native::<unnamed>::TensorSizeStride<T2, (unsigned int)4>, int, T2)"
0.0,469600,60,7826.7,8016.0,4864,8768,705.6,CUDA_KERNEL,_compute_local_logits_stats_kernel
0.0,469025,2,234512.5,234512.5,234496,234529,23.3,CUDA_KERNEL,"void at::native::tensor_kernel_scan_innermost_dim<float, std::plus<float>>(T1 *, const T1 *, unsigned int, unsigned int, unsigned int, T1, T2)"
0.0,465570,898,518.5,544.0,224,928,135.5,MEMORY_OPER,[CUDA memcpy Host-to-Device]
0.0,448801,732,613.1,608.0,480,800,46.8,CUDA_KERNEL,rotary_kernel
0.0,400897,427,938.9,896.0,864,1216,71.5,CUDA_KERNEL,"void at::native::elementwise_kernel<(int)128, (int)2, void at::native::gpu_kernel_impl_nocast<at::native::BinaryFunctor<int, int, int, at::native::BitwiseOrFunctor<int>>>(at::TensorIteratorBase &, const T1 &)::[lambda(int) (instance 1)]>(int, T3)"
0.0,366624,96,3819.0,3808.0,3776,4000,33.1,CUDA_KERNEL,"void at::native::elementwise_kernel<(int)128, (int)2, void at::native::gpu_kernel_impl_nocast<at::native::<unnamed>::masked_fill_kernel(at::TensorIterator &, const c10::Scalar &)::[lambda() (instance 1)]::operator ()() const::[lambda() (instance 7)]::operator ()() const::[lambda(float, bool) (instance 1)]>(at::TensorIteratorBase &, const T1 &)::[lambda(int) (instance 1)]>(int, T3)"
0.0,336963,96,3510.0,3520.0,3456,3648,35.4,CUDA_KERNEL,recompute_w_u_fwd_kernel
0.0,328193,427,768.6,768.0,640,1088,66.7,CUDA_KERNEL,"void at::native::vectorized_elementwise_kernel<(int)4, at::native::BinaryFunctor<int, int, int, at::native::BitwiseOrFunctor<int>>, std::array<char *, (unsigned long)3>>(int, T2, T3)"
0.0,286368,427,670.7,640.0,608,864,56.6,CUDA_KERNEL,"void at::native::vectorized_elementwise_kernel<(int)4, at::native::CUDAFunctorOnSelf_add<int>, std::array<char *, (unsigned long)2>>(int, T2, T3)"
0.0,269472,96,2807.0,2816.0,2272,3200,131.2,CUDA_KERNEL,_causal_conv1d_fwd_kernel
0.0,257376,60,4289.6,4480.0,2912,5024,610.5,CUDA_KERNEL,_rejection_kernel
0.0,249344,447,557.8,544.0,384,768,44.8,CUDA_KERNEL,"void at::native::vectorized_elementwise_kernel<(int)4, at::native::FillFunctor<int>, std::array<char *, (unsigned long)1>>(int, T2, T3)"
0.0,242176,96,2522.7,2528.0,2464,2624,26.9,CUDA_KERNEL,chunk_scaled_dot_kkt_fwd_kernel
0.0,239008,124,1927.5,1920.0,1216,2304,179.6,CUDA_KERNEL,"void at::native::index_elementwise_kernel<(int)128, (int)4, void at::native::gpu_index_kernel<void at::native::index_kernel_impl<at::native::OpaqueType<(int)8>>(at::TensorIteratorBase &, c10::ArrayRef<long>, c10::ArrayRef<long>)::[lambda(char *, const char *, long) (instance 1)]>(at::TensorIteratorBase &, c10::ArrayRef<long>, c10::ArrayRef<long>, const T1 &, bool)::[lambda(int) (instance 1)]>(long, T3)"
0.0,232576,96,2422.7,2432.0,2400,2560,21.7,CUDA_KERNEL,merge_16x16_to_64x64_inverse_kernel
0.0,228834,369,620.1,608.0,448,800,37.3,CUDA_KERNEL,"void at::native::vectorized_elementwise_kernel<(int)2, at::native::FillFunctor<long>, std::array<char *, (unsigned long)1>>(int, T2, T3)"
0.0,220672,3,73557.3,73728.0,72864,74080,625.7,CUDA_KERNEL,"void at::native::<unnamed>::cunn_SoftMaxForward<(int)4, float, float, float, at::native::<unnamed>::SoftMaxForwardEpilogue>(T4 *, const T2 *, int)"
0.0,207681,61,3404.6,3552.0,2240,4064,511.4,CUDA_KERNEL,_post_update_kernel
0.0,206720,363,569.5,544.0,512,832,57.5,CUDA_KERNEL,"void at::native::unrolled_elementwise_kernel<at::native::CUDAFunctor_add<int>, std::array<char *, (unsigned long)3>, (int)4, TrivialOffsetCalculator<(int)2, unsigned int>, TrivialOffsetCalculator<(int)1, unsigned int>, at::native::memory::LoadWithoutCast, at::native::memory::StoreWithoutCast>(int, T1, T2, T4, T5, T6, T7)"
0.0,173185,73,2372.4,1952.0,1312,5888,1098.0,CUDA_KERNEL,"void at::native::index_elementwise_kernel<(int)128, (int)4, void at::native::gpu_index_kernel<void at::native::index_kernel_impl<at::native::OpaqueType<(int)1>>(at::TensorIteratorBase &, c10::ArrayRef<long>, c10::ArrayRef<long>)::[lambda(char *, const char *, long) (instance 1)]>(at::TensorIteratorBase &, c10::ArrayRef<long>, c10::ArrayRef<long>, const T1 &, bool)::[lambda(int) (instance 1)]>(long, T3)"
0.0,168960,96,1760.0,1776.0,1536,2080,191.4,CUDA_KERNEL,"void at::native::index_elementwise_kernel<(int)128, (int)4, void at::native::index_copy_kernel_impl<at::native::OpaqueType<(int)2>>(at::TensorIterator &, long, long, long)::[lambda(int) (instance 1)]>(long, T3)"
0.0,149888,61,2457.2,2432.0,2176,2752,78.4,CUDA_KERNEL,_gather_block_tables_kernel
0.0,132480,60,2208.0,2176.0,2048,3296,154.8,CUDA_KERNEL,_insert_resampled_kernel
0.0,131202,183,717.0,672.0,640,896,81.1,CUDA_KERNEL,"void at::native::vectorized_elementwise_kernel<(int)4, at::native::CUDAFunctor_add<int>, std::array<char *, (unsigned long)3>>(int, T2, T3)"
0.0,129408,61,2121.4,2112.0,1952,2272,61.6,CUDA_KERNEL,"void at::native::index_elementwise_kernel<(int)128, (int)4, void at::native::gpu_index_kernel<void at::native::index_put_kernel_impl<at::native::OpaqueType<(int)8>>(at::TensorIterator &, c10::ArrayRef<long>, c10::ArrayRef<long>)::[lambda(char *, const char *, long) (instance 1)]>(at::TensorIteratorBase &, c10::ArrayRef<long>, c10::ArrayRef<long>, const T1 &, bool)::[lambda(int) (instance 1)]>(long, T3)"
0.0,118497,8,14812.1,14592.0,12960,16897,1372.0,CUDA_KERNEL,"void at_cuda_detail::cub::detail::radix_sort::DeviceRadixSortOnesweepKernel<at_cuda_detail::cub::detail::radix::policy_hub<float, at::cuda::cub::detail::OpaqueType<(int)8>, unsigned long long>::Policy1000, (at_cuda_detail::cub::SortOrder)0, float, at::cuda::cub::detail::OpaqueType<(int)8>, unsigned long long, int, int, at_cuda_detail::cub::detail::identity_decomposer_t>(T7 *, T7 *, T5 *, const T5 *, T3 *, const T3 *, T4 *, const T4 *, T6, int, int, T8)"
0.0,117824,61,1931.5,1920.0,1440,2144,95.1,CUDA_KERNEL,_combine_sampled_and_draft_tokens_kernel
0.0,113025,96,1177.3,1184.0,1024,1281,37.7,CUDA_KERNEL,chunk_local_cumsum_scalar_kernel
0.0,109088,61,1788.3,1728.0,1632,3488,314.4,CUDA_KERNEL,_prepare_rope_positions_kernel
0.0,108162,96,1126.7,1120.0,1024,1344,44.0,CUDA_KERNEL,_fused_post_conv_kernel
0.0,94240,61,1544.9,1536.0,1472,1792,59.3,CUDA_KERNEL,_get_num_sampled_and_rejected_kernel
0.0,88193,61,1445.8,1440.0,1248,1568,62.5,CUDA_KERNEL,_prepare_decode_inputs_kernel
0.0,87584,96,912.3,896.0,768,1184,134.6,CUDA_KERNEL,"void at::native::elementwise_kernel<(int)128, (int)4, void at::native::gpu_kernel_impl<at::native::direct_copy_kernel_cuda(at::TensorIteratorBase &)::[lambda() (instance 3)]::operator ()() const::[lambda() (instance 4)]::operator ()() const::[lambda(long) (instance 1)]>(at::TensorIteratorBase &, const T1 &)::[lambda(int) (instance 1)]>(int, T3)"
0.0,81184,2,40592.0,40592.0,39072,42112,2149.6,CUDA_KERNEL,_zero_kv_blocks_kernel
0.0,80800,63,1282.5,1248.0,1056,2368,194.2,CUDA_KERNEL,_prepare_prefill_inputs_kernel
0.0,74913,178,420.9,384.0,352,640,71.6,CUDA_KERNEL,"void <unnamed>::elementwise_kernel_with_index<int, at::native::arange_cuda_out(const c10::Scalar &, const c10::Scalar &, const c10::Scalar &, at::Tensor &)::[lambda() (instance 1)]::operator ()() const::[lambda() (instance 3)]::operator ()() const::[lambda(long) (instance 1)]>(T1, T2, function_traits<T2>::result_type *)"
0.0,73888,96,769.7,768.0,704,928,38.7,CUDA_KERNEL,"void at::native::vectorized_elementwise_kernel<(int)4, at::native::bitwise_not_kernel_cuda(at::TensorIteratorBase &)::[lambda(bool) (instance 1)], std::array<char *, (unsigned long)2>>(int, T2, T3)"
0.0,65377,122,535.9,592.0,320,1216,193.6,MEMORY_OPER,[CUDA memcpy Device-to-Host]
0.0,64128,60,1068.8,1056.0,992,1184,43.0,CUDA_KERNEL,"void at::native::vectorized_elementwise_kernel<(int)4, at::native::<unnamed>::masked_fill_kernel(at::TensorIterator &, const c10::Scalar &)::[lambda() (instance 1)]::operator ()() const::[lambda() (instance 3)]::operator ()() const::[lambda(int, bool) (instance 1)], std::array<char *, (unsigned long)3>>(int, T2, T3)"
0.0,63360,61,1038.7,1056.0,864,1120,42.0,CUDA_KERNEL,_prepare_pos_seq_lens_kernel
0.0,49280,61,807.9,800.0,672,960,43.2,CUDA_KERNEL,_scatter_num_accepted_kernel
0.0,45248,59,766.9,768.0,608,928,46.0,CUDA_KERNEL,"void at::native::elementwise_kernel<(int)128, (int)2, void at::native::gpu_kernel_impl_nocast<at::native::direct_copy_kernel_cuda(at::TensorIteratorBase &)::[lambda() (instance 3)]::operator ()() const::[lambda() (instance 4)]::operator ()() const::[lambda(long) (instance 1)]>(at::TensorIteratorBase &, const T1 &)::[lambda(int) (instance 1)]>(int, T3)"
0.0,42528,60,708.8,736.0,544,928,92.9,CUDA_KERNEL,_expand_idx_mapping_kernel
0.0,38592,61,632.7,608.0,608,736,37.1,CUDA_KERNEL,"void at::native::vectorized_elementwise_kernel<(int)4, at::native::FillFunctor<bool>, std::array<char *, (unsigned long)1>>(int, T2, T3)"
0.0,35648,2,17824.0,17824.0,17792,17856,45.3,CUDA_KERNEL,"void at::native::<unnamed>::sort_postprocess_kernel<float>(const T1 *, T1 *, long *, const int2 *, int, int)"
0.0,34272,2,17136.0,17136.0,17024,17248,158.4,CUDA_KERNEL,"void at::native::_scatter_gather_elementwise_kernel<(int)128, (int)8, void at::native::_cuda_scatter_gather_internal_kernel<(bool)1, at::native::OpaqueType<(int)4>, long>::operator ()<at::native::TensorAssign>(at::TensorIterator &, long, long, long, const T1 &)::[lambda(int) (instance 1)]>(int, T3)"
0.0,33216,50,664.3,672.0,640,704,18.9,CUDA_KERNEL,"void at::native::vectorized_elementwise_kernel<(int)4, at::native::BinaryFunctor<float, float, float, at::native::binary_internal::MulFunctor<float>>, std::array<char *, (unsigned long)3>>(int, T2, T3)"
0.0,29728,2,14864.0,14864.0,14848,14880,22.6,CUDA_KERNEL,"void at_cuda_detail::cub::detail::radix_sort::DeviceRadixSortOnesweepKernel<at_cuda_detail::cub::detail::radix::policy_hub<long, at_cuda_detail::cub::NullType, unsigned long long>::Policy1000, (at_cuda_detail::cub::SortOrder)0, long, at_cuda_detail::cub::NullType, unsigned long long, int, int, at_cuda_detail::cub::detail::identity_decomposer_t>(T7 *, T7 *, T5 *, const T5 *, T3 *, const T3 *, T4 *, const T4 *, T6, int, int, T8)"
0.0,25664,12,2138.7,2192.0,1920,2304,145.6,CUDA_KERNEL,_apply_write_kernel
0.0,17728,1,17728.0,17728.0,17728,17728,0.0,CUDA_KERNEL,"void flashinfer::sampling::RadixTopKMaskLogitsKernel_MultiCTA<(unsigned int)1024, (unsigned int)4, (bool)0, float, int>(T4 *, T4 *, T5 *, unsigned int, unsigned int, unsigned int, flashinfer::sampling::RadixRowState *, unsigned int, unsigned int)"
0.0,17472,4,4368.0,3904.0,3488,6176,1225.6,CUDA_KERNEL,"void at::native::elementwise_kernel<(int)128, (int)4, void at::native::gpu_kernel_impl_nocast<at::native::<unnamed>::CompareFunctor<float>>(at::TensorIteratorBase &, const T1 &)::[lambda(int) (instance 1)]>(int, T3)"
0.0,17312,2,8656.0,8656.0,8608,8704,67.9,CUDA_KERNEL,"void at_cuda_detail::cub::detail::radix_sort::DeviceRadixSortHistogramKernel<at_cuda_detail::cub::detail::radix::policy_hub<float, at::cuda::cub::detail::OpaqueType<(int)8>, unsigned long long>::Policy1000, (at_cuda_detail::cub::SortOrder)0, float, unsigned long long, at_cuda_detail::cub::detail::identity_decomposer_t>(T4 *, const T3 *, T4, int, int, T5)"
0.0,14112,1,14112.0,14112.0,14112,14112,0.0,CUDA_KERNEL,"void flashinfer::sampling::TopPSamplingFromProbKernel<(unsigned int)1024, (cub::_V_300302_SM_1200::BlockScanAlgorithm)2, (cub::_V_300302_SM_1200::BlockReduceAlgorithm)2, (unsigned int)4, (bool)1, float, int>(T6 *, T7 *, bool *, T7 *, float *, float, unsigned int, unsigned long *, unsigned long, unsigned long *, unsigned long)"
0.0,12320,4,3080.0,3088.0,2976,3168,88.1,CUDA_KERNEL,"void at::native::vectorized_elementwise_kernel<(int)4, at::native::<unnamed>::masked_fill_kernel(at::TensorIterator &, const c10::Scalar &)::[lambda() (instance 1)]::operator ()() const::[lambda() (instance 7)]::operator ()() const::[lambda(float, bool) (instance 1)], std::array<char *, (unsigned long)3>>(int, T2, T3)"
0.0,10880,2,5440.0,5440.0,5312,5568,181.0,CUDA_KERNEL,"at::native::<unnamed>::fill_index_and_segment_kernel(int2 *, int, at::cuda::detail::IntDivider<unsigned int>)"
0.0,7392,2,3696.0,3696.0,3264,4128,610.9,CUDA_KERNEL,"void at_cuda_detail::cub::detail::radix_sort::DeviceRadixSortHistogramKernel<at_cuda_detail::cub::detail::radix::policy_hub<long, at_cuda_detail::cub::NullType, unsigned long long>::Policy1000, (at_cuda_detail::cub::SortOrder)0, long, unsigned long long, at_cuda_detail::cub::detail::identity_decomposer_t>(T4 *, const T3 *, T4, int, int, T5)"
0.0,6208,6,1034.7,1008.0,896,1248,157.6,CUDA_KERNEL,"void at_cuda_detail::cub::detail::scan::DeviceScanKernel<at_cuda_detail::cub::detail::scan::policy_hub<int, int, int, unsigned int, std::plus<int>>::Policy1000, const int *, int *, at_cuda_detail::cub::ScanTileState<int, (bool)1>, std::plus<int>, at_cuda_detail::cub::NullType, unsigned int, int, (bool)0, at_cuda_detail::cub::NullType>(T2, T3, T4, int, T5, T6, T7)"
0.0,4256,6,709.3,688.0,608,832,93.7,CUDA_KERNEL,"void at::native::vectorized_elementwise_kernel<(int)4, void at::native::compare_scalar_kernel<int>(at::TensorIteratorBase &, at::native::<unnamed>::OpType, T1)::[lambda(int) (instance 1)], std::array<char *, (unsigned long)2>>(int, T2, T3)"
0.0,4064,3,1354.7,1344.0,1344,1376,18.5,CUDA_KERNEL,"void at::native::radixSortKVInPlace<(int)-2, (int)-1, (int)16, (int)2, bool, long, unsigned int>(at::cuda::detail::TensorInfo<T5, T7>, T7, T7, T7, at::cuda::detail::TensorInfo<T6, T7>, T7, bool)"
0.0,2944,3,981.3,992.0,960,992,18.5,CUDA_KERNEL,"void at::native::_scatter_gather_elementwise_kernel<(int)128, (int)8, void at::native::_cuda_scatter_gather_internal_kernel<(bool)0, at::native::OpaqueType<(int)1>, int>::operator ()<at::native::TensorAssign>(at::TensorIterator &, long, long, long, const T1 &)::[lambda(int) (instance 1)]>(int, T3)"
0.0,2753,3,917.7,896.0,864,993,67.2,CUDA_KERNEL,"void at_cuda_detail::cub::detail::scan::DeviceScanKernel<at_cuda_detail::cub::detail::scan::policy_hub<long, long, long, unsigned int, std::plus<long>>::Policy1000, const long *, long *, at_cuda_detail::cub::ScanTileState<long, (bool)1>, std::plus<long>, at_cuda_detail::cub::NullType, unsigned int, long, (bool)0, at_cuda_detail::cub::NullType>(T2, T3, T4, int, T5, T6, T7)"
0.0,2656,6,442.7,416.0,416,544,51.3,CUDA_KERNEL,"void at_cuda_detail::cub::detail::scan::DeviceScanInitKernel<at_cuda_detail::cub::ScanTileState<int, (bool)1>>(T1, int)"
0.0,2528,2,1264.0,1264.0,1184,1344,113.1,CUDA_KERNEL,"void at::native::_scatter_gather_elementwise_kernel<(int)128, (int)8, void at::native::_cuda_scatter_gather_internal_kernel<(bool)0, at::native::OpaqueType<(int)4>, long>::operator ()<at::native::TensorAssign>(at::TensorIterator &, long, long, long, const T1 &)::[lambda(int) (instance 1)]>(int, T3)"
0.0,2528,3,842.7,832.0,832,864,18.5,CUDA_KERNEL,"void compute_cuda_kernel<int>(const T1 *, const long *, T1 *, long, long)"
0.0,1664,2,832.0,832.0,736,928,135.8,CUDA_KERNEL,"void at_cuda_detail::cub::detail::radix_sort::DeviceRadixSortExclusiveSumKernel<at_cuda_detail::cub::detail::radix::policy_hub<float, at::cuda::cub::detail::OpaqueType<(int)8>, unsigned long long>::Policy1000, unsigned long long>(T2 *)"
0.0,1536,2,768.0,768.0,704,832,90.5,CUDA_KERNEL,"void at::native::vectorized_elementwise_kernel<(int)2, at::native::CUDAFunctorOnOther_add<long>, std::array<char *, (unsigned long)2>>(int, T2, T3)"
0.0,1472,2,736.0,736.0,672,800,90.5,CUDA_KERNEL,"void at::native::vectorized_elementwise_kernel<(int)4, at::native::CUDAFunctorOnOther_add<float>, std::array<char *, (unsigned long)2>>(int, T2, T3)"
0.0,1472,2,736.0,736.0,672,800,90.5,CUDA_KERNEL,"void at_cuda_detail::cub::detail::radix_sort::DeviceRadixSortExclusiveSumKernel<at_cuda_detail::cub::detail::radix::policy_hub<long, at_cuda_detail::cub::NullType, unsigned long long>::Policy1000, unsigned long long>(T2 *)"
0.0,1376,3,458.7,448.0,448,480,18.5,CUDA_KERNEL,"void at_cuda_detail::cub::detail::scan::DeviceScanInitKernel<at_cuda_detail::cub::ScanTileState<long, (bool)1>>(T1, int)"
0.0,1216,3,405.3,416.0,384,416,18.5,CUDA_KERNEL,"void <unnamed>::elementwise_kernel_with_index<int, at::native::arange_cuda_out(const c10::Scalar &, const c10::Scalar &, const c10::Scalar &, at::Tensor &)::[lambda() (instance 1)]::operator ()() const::[lambda() (instance 4)]::operator ()() const::[lambda(long) (instance 1)]>(T1, T2, function_traits<T2>::result_type *)"
0.0,1216,2,608.0,608.0,544,672,90.5,CUDA_KERNEL,"void at::native::elementwise_kernel<(int)128, (int)4, void at::native::gpu_kernel_impl_nocast<at::native::FillFunctor<bool>>(at::TensorIteratorBase &, const T1 &)::[lambda(int) (instance 1)]>(int, T3)"
